START DATE,C02 Levels,WEEKS PASSED
3/29/1958,316.19,0
4/5/1958,317.31,1
4/12/1958,317.69,2
4/19/1958,317.58,3
4/26/1958,316.48,4
5/3/1958,316.95,5
5/17/1958,317.56,6
5/24/1958,317.99,7
7/5/1958,315.85,8
7/12/1958,315.85,9
7/19/1958,315.46,10
7/26/1958,315.59,11
8/2/1958,315.64,12
8/9/1958,315.1,13
8/16/1958,315.09,14
8/30/1958,314.14,15
9/6/1958,313.54,16
11/8/1958,313.05,17
11/15/1958,313.26,18
11/22/1958,313.57,19
11/29/1958,314.01,20
12/6/1958,314.56,21
12/13/1958,314.41,22
12/20/1958,314.77,23
12/27/1958,315.21,24
1/3/1959,315.24,25
1/10/1959,315.5,26
1/17/1959,315.69,27
1/24/1959,315.86,28
1/31/1959,315.42,29
2/14/1959,316.94,30
2/21/1959,316.61,31
2/28/1959,316.62,32
3/7/1959,316.81,33
3/21/1959,316.73,34
3/28/1959,316.71,35
4/4/1959,317.72,36
4/11/1959,317.12,37
4/18/1959,317.64,38
4/25/1959,318.32,39
5/2/1959,318.27,40
5/9/1959,318.78,41
5/16/1959,318.05,42
5/23/1959,318.43,43
6/6/1959,318.53,44
6/13/1959,318.14,45
6/20/1959,317.88,46
6/27/1959,317.76,47
7/4/1959,316.86,48
7/11/1959,316.83,49
7/18/1959,316.45,50
7/25/1959,316.16,51
8/1/1959,315.62,52
8/8/1959,314.91,53
8/22/1959,315,54
8/29/1959,314.15,55
9/5/1959,314.45,56
9/12/1959,313.93,57
9/19/1959,313.57,58
9/26/1959,313.54,59
10/3/1959,313.04,60
10/10/1959,313.15,61
10/17/1959,313.43,62
10/24/1959,313.46,63
10/31/1959,314.12,64
11/7/1959,314.42,65
11/14/1959,314.88,66
11/21/1959,315.2,67
11/28/1959,315.11,68
12/5/1959,315.06,69
12/12/1959,315.64,70
12/19/1959,315.86,71
12/26/1959,315.77,72
1/2/1960,315.72,73
1/9/1960,316.4,74
1/16/1960,316.73,75
1/23/1960,316.57,76
1/30/1960,316.68,77
2/6/1960,316.61,78
2/13/1960,316.98,79
2/20/1960,317.42,80
2/27/1960,317,81
3/5/1960,316.96,82
3/12/1960,317.76,83
3/19/1960,318.07,84
3/26/1960,317.77,85
4/2/1960,318.61,86
4/9/1960,319.34,87
4/16/1960,319.01,88
4/23/1960,319.03,89
4/30/1960,319.77,90
5/7/1960,319.96,91
5/14/1960,319.82,92
5/21/1960,320.04,93
5/28/1960,320.06,94
6/4/1960,319.46,95
6/11/1960,320.08,96
6/18/1960,319.42,97
6/25/1960,319.09,98
7/2/1960,318.18,99
7/9/1960,318.64,100
7/16/1960,318.41,101
7/23/1960,317.91,102
7/30/1960,317.33,103
8/6/1960,316.62,104
8/13/1960,316.7,105
8/20/1960,315.1,106
8/27/1960,314.78,107
9/3/1960,314.72,108
9/10/1960,314.58,109
9/17/1960,314.28,110
9/24/1960,313.33,111
10/1/1960,313.66,112
10/8/1960,313.32,113
10/15/1960,313.92,114
10/22/1960,314.21,115
10/29/1960,314.29,116
11/5/1960,314.5,117
11/12/1960,315.1,118
11/19/1960,315.1,119
11/26/1960,315.41,120
12/3/1960,315.84,121
12/10/1960,316.07,122
12/17/1960,316.21,123
12/24/1960,316.4,124
12/31/1960,316.67,125
1/7/1961,316.73,126
1/14/1961,317.02,127
1/21/1961,317.03,128
1/28/1961,317.01,129
2/4/1961,317.06,130
2/11/1961,317.75,131
2/18/1961,317.94,132
2/25/1961,318,133
3/4/1961,318.04,134
3/11/1961,318.51,135
3/18/1961,318.92,136
3/25/1961,318.71,137
4/1/1961,319.41,138
4/8/1961,319.55,139
4/15/1961,318.9,140
4/22/1961,319.74,141
4/29/1961,319.67,142
5/6/1961,320.67,143
5/13/1961,320.46,144
5/20/1961,320.61,145
5/27/1961,320.36,146
6/3/1961,320.09,147
6/10/1961,320.02,148
6/17/1961,319.62,149
6/24/1961,319.49,150
7/1/1961,319.26,151
7/8/1961,319.07,152
7/15/1961,318.49,153
7/22/1961,317.16,154
7/29/1961,317.97,155
8/5/1961,317.91,156
8/12/1961,317.33,157
8/19/1961,316.76,158
8/26/1961,315.26,159
9/2/1961,315.28,160
9/9/1961,314.97,161
9/16/1961,314.53,162
9/23/1961,315.06,163
9/30/1961,315.61,164
10/7/1961,314.97,165
10/14/1961,315.43,166
10/21/1961,315.48,167
10/28/1961,315.72,168
11/4/1961,315.82,169
11/11/1961,315.7,170
11/18/1961,316.21,171
11/25/1961,316.55,172
12/2/1961,316.52,173
12/9/1961,317.02,174
12/16/1961,316.94,175
12/23/1961,317.18,176
12/30/1961,317.46,177
1/6/1962,317.99,178
1/13/1962,318.12,179
1/20/1962,318.07,180
1/27/1962,317.78,181
2/3/1962,318.08,182
2/10/1962,318.35,183
2/17/1962,318.92,184
2/24/1962,319.38,185
3/3/1962,319.28,186
3/10/1962,319.46,187
3/17/1962,319.95,188
3/24/1962,319.78,189
3/31/1962,320.27,190
4/7/1962,320.26,191
4/14/1962,321.03,192
4/21/1962,320.78,193
4/28/1962,320.36,194
5/5/1962,320.89,195
5/12/1962,320.78,196
5/19/1962,321.05,197
5/26/1962,321.16,198
6/2/1962,320.91,199
6/9/1962,320.87,200
6/16/1962,320.52,201
6/23/1962,320.15,202
6/30/1962,320.23,203
7/7/1962,320.1,204
7/14/1962,319.95,205
7/21/1962,319.01,206
7/28/1962,318.75,207
8/4/1962,318.68,208
8/11/1962,317.24,209
8/18/1962,317.48,210
9/15/1962,316.65,211
9/22/1962,315.72,212
9/29/1962,315.92,213
10/6/1962,315.1,214
10/13/1962,315.4,215
10/20/1962,315.72,216
10/27/1962,315.78,217
11/3/1962,315.94,218
11/10/1962,316.49,219
11/17/1962,316.92,220
11/24/1962,317.08,221
12/1/1962,317.19,222
12/8/1962,317.31,223
12/15/1962,317.66,224
12/22/1962,318.18,225
1/5/1963,318.54,226
1/12/1963,318.73,227
1/19/1963,318.9,228
1/26/1963,318.82,229
2/2/1963,318.77,230
2/9/1963,318.95,231
2/23/1963,319.37,232
3/2/1963,319.35,233
3/9/1963,319.7,234
3/16/1963,319.8,235
3/23/1963,320.34,236
3/30/1963,320.29,237
4/6/1963,320.38,238
4/13/1963,320.96,239
4/20/1963,322.05,240
4/27/1963,321.92,241
5/11/1963,321.97,242
5/18/1963,322.28,243
5/25/1963,322.27,244
6/1/1963,322.32,245
6/8/1963,322.09,246
6/15/1963,321.83,247
6/22/1963,320.88,248
6/29/1963,320.49,249
7/6/1963,320.12,250
7/13/1963,319.82,251
7/20/1963,319.56,252
7/27/1963,319.06,253
8/3/1963,318.6,254
8/10/1963,318.27,255
8/17/1963,317.73,256
8/24/1963,317.12,257
8/31/1963,316.44,258
9/7/1963,316.81,259
9/14/1963,315.99,260
9/21/1963,316.03,261
9/28/1963,315.93,262
10/5/1963,316.28,263
10/12/1963,315.65,264
10/19/1963,316.14,265
10/26/1963,316.36,266
11/2/1963,316.63,267
11/9/1963,316.83,268
11/16/1963,317.13,269
11/30/1963,317.56,270
12/7/1963,318.07,271
12/14/1963,318.27,272
12/21/1963,318.59,273
12/28/1963,318.74,274
1/4/1964,319.04,275
1/11/1964,319.49,276
1/18/1964,319.88,277
5/30/1964,322.07,278
6/6/1964,322.06,279
6/27/1964,321.57,280
7/4/1964,321.14,281
7/11/1964,319.95,282
7/18/1964,320.28,283
7/25/1964,320.02,284
8/1/1964,319.14,285
8/15/1964,318.61,286
8/22/1964,318.23,287
8/29/1964,318.11,288
9/5/1964,317.48,289
9/12/1964,316.57,290
9/19/1964,315.59,291
9/26/1964,317.01,292
10/3/1964,316.93,293
10/10/1964,316.51,294
10/17/1964,316.86,295
10/24/1964,317.05,296
10/31/1964,317.65,297
11/7/1964,317.77,298
11/14/1964,317.65,299
11/21/1964,317.52,300
11/28/1964,318.11,301
12/5/1964,318.42,302
12/12/1964,318.58,303
12/19/1964,318.93,304
12/26/1964,318.91,305
1/2/1965,319.08,306
1/9/1965,319.17,307
1/16/1965,319.16,308
1/23/1965,319.79,309
1/30/1965,320.12,310
2/6/1965,320.2,311
2/13/1965,320.16,312
2/20/1965,320.7,313
2/27/1965,320.89,314
3/6/1965,321.07,315
3/13/1965,320.98,316
3/20/1965,320.49,317
3/27/1965,321.4,318
4/3/1965,321.95,319
4/10/1965,322.27,320
4/17/1965,322.17,321
4/24/1965,321.86,322
5/1/1965,322.46,323
5/8/1965,322.22,324
5/15/1965,321.94,325
5/22/1965,321.69,326
5/29/1965,322.26,327
6/5/1965,321.87,328
6/12/1965,321.77,329
6/19/1965,321.77,330
6/26/1965,321.99,331
7/3/1965,321.97,332
7/10/1965,321.85,333
7/17/1965,321.76,334
7/24/1965,320.47,335
7/31/1965,319.49,336
8/7/1965,319.47,337
8/14/1965,318.02,338
8/21/1965,318.82,339
8/28/1965,318.73,340
9/4/1965,318.39,341
9/11/1965,318.05,342
9/18/1965,318.26,343
9/25/1965,316.85,344
10/2/1965,316.6,345
10/9/1965,317.26,346
10/16/1965,317.86,347
10/23/1965,317.56,348
10/30/1965,317.63,349
11/6/1965,318.3,350
11/13/1965,319.26,351
11/20/1965,318.99,352
11/27/1965,319.17,353
12/4/1965,319.09,354
12/11/1965,319.37,355
12/18/1965,319.39,356
12/25/1965,319.7,357
1/1/1966,319.69,358
1/8/1966,320.49,359
1/15/1966,320.63,360
1/22/1966,321.09,361
1/29/1966,321.16,362
2/5/1966,321.26,363
2/12/1966,321.75,364
2/19/1966,321.67,365
2/26/1966,321.8,366
3/5/1966,322.1,367
3/12/1966,322.14,368
3/19/1966,322.57,369
3/26/1966,322.86,370
4/2/1966,323.55,371
4/9/1966,323.62,372
4/16/1966,323.88,373
4/23/1966,323.91,374
4/30/1966,323.53,375
5/7/1966,324,376
5/14/1966,324.1,377
5/21/1966,323.72,378
5/28/1966,324.31,379
6/4/1966,324.02,380
6/11/1966,323.88,381
6/18/1966,323.75,382
6/25/1966,323.32,383
7/2/1966,322.82,384
7/9/1966,322.9,385
8/6/1966,321.31,386
8/13/1966,320.85,387
8/20/1966,319.16,388
8/27/1966,319.64,389
9/3/1966,319.94,390
9/10/1966,318.22,391
9/17/1966,318.46,392
9/24/1966,318.31,393
10/1/1966,317.9,394
10/8/1966,317.9,395
10/15/1966,318.21,396
10/22/1966,318.61,397
10/29/1966,318.39,398
11/12/1966,319.59,399
11/19/1966,320.03,400
11/26/1966,320.24,401
12/3/1966,320.8,402
12/10/1966,320.87,403
12/17/1966,321.16,404
12/24/1966,321.31,405
12/31/1966,321.37,406
1/7/1967,321.92,407
1/14/1967,322.93,408
2/4/1967,322.19,409
2/11/1967,322.23,410
2/18/1967,322.86,411
2/25/1967,322.6,412
3/4/1967,322.94,413
3/11/1967,322.6,414
3/18/1967,323.33,415
3/25/1967,323.24,416
4/1/1967,323.15,417
4/8/1967,324.21,418
4/15/1967,324.41,419
4/22/1967,324.6,420
4/29/1967,325.16,421
5/6/1967,325.26,422
5/13/1967,324.78,423
5/20/1967,325.09,424
5/27/1967,324.94,425
6/3/1967,324.95,426
6/10/1967,324.65,427
6/17/1967,323.31,428
6/24/1967,323.5,429
7/1/1967,322.89,430
7/8/1967,322.85,431
7/15/1967,322.45,432
7/22/1967,322.4,433
7/29/1967,322.04,434
8/5/1967,321.65,435
8/12/1967,321.4,436
8/19/1967,320.48,437
8/26/1967,320.01,438
9/2/1967,320.07,439
9/9/1967,319.43,440
9/16/1967,319.35,441
9/23/1967,319.03,442
9/30/1967,318.81,443
10/7/1967,318.88,444
10/14/1967,319.86,445
10/21/1967,319.47,446
10/28/1967,319.86,447
11/4/1967,320.01,448
11/11/1967,320.34,449
11/18/1967,320.91,450
11/25/1967,321.54,451
12/2/1967,321.4,452
12/9/1967,321.89,453
12/16/1967,322.29,454
12/23/1967,321.98,455
12/30/1967,322.3,456
1/6/1968,322.46,457
1/13/1968,322.5,458
1/20/1968,322.59,459
1/27/1968,322.83,460
2/3/1968,322.66,461
2/10/1968,323.17,462
2/17/1968,323.46,463
2/24/1968,323.18,464
3/2/1968,323.15,465
3/9/1968,323.85,466
3/16/1968,323.85,467
3/23/1968,324.21,468
3/30/1968,324.77,469
4/6/1968,324.79,470
4/13/1968,325.04,471
4/20/1968,324.84,472
4/27/1968,325.45,473
5/4/1968,325.63,474
5/11/1968,325.09,475
5/18/1968,325.52,476
5/25/1968,325.86,477
6/1/1968,325.67,478
6/8/1968,325.71,479
6/15/1968,325.56,480
6/22/1968,324.99,481
6/29/1968,324.63,482
7/6/1968,324.7,483
7/13/1968,324.13,484
7/20/1968,323.94,485
7/27/1968,323.4,486
8/3/1968,322.49,487
8/10/1968,322.27,488
8/17/1968,322.02,489
8/24/1968,321.74,490
8/31/1968,321.42,491
9/7/1968,320.44,492
9/14/1968,321.18,493
9/21/1968,319.78,494
9/28/1968,319.89,495
10/5/1968,320.57,496
10/12/1968,320.52,497
10/19/1968,320.26,498
10/26/1968,319.92,499
11/2/1968,320.7,500
11/9/1968,320.89,501
11/16/1968,321.4,502
11/23/1968,321.78,503
11/30/1968,322.06,504
12/7/1968,322.44,505
12/14/1968,322.91,506
12/21/1968,323.33,507
12/28/1968,323.19,508
1/4/1969,323.39,509
1/11/1969,324.06,510
1/18/1969,324.36,511
1/25/1969,324.14,512
2/1/1969,324.16,513
2/8/1969,323.92,514
2/15/1969,324.37,515
2/22/1969,324.86,516
3/1/1969,325.14,517
3/8/1969,325.58,518
3/15/1969,325.72,519
3/22/1969,325.96,520
3/29/1969,325.89,521
4/5/1969,326.27,522
4/12/1969,327.13,523
4/19/1969,326.58,524
4/26/1969,326.57,525
5/3/1969,327.52,526
5/10/1969,327.82,527
5/17/1969,326.86,528
5/24/1969,326.92,529
5/31/1969,327.43,530
6/7/1969,326.51,531
6/14/1969,326.78,532
6/21/1969,326.73,533
6/28/1969,326.37,534
7/5/1969,326.16,535
7/12/1969,326.07,536
7/19/1969,325.72,537
7/26/1969,325.47,538
8/2/1969,324.5,539
8/9/1969,324.56,540
8/16/1969,323.14,541
8/23/1969,322.56,542
8/30/1969,323.14,543
9/6/1969,322.21,544
9/13/1969,322.79,545
9/20/1969,322.84,546
9/27/1969,321.96,547
10/4/1969,321.5,548
10/11/1969,321.82,549
10/18/1969,322,550
10/25/1969,321.93,551
11/1/1969,322.21,552
11/8/1969,322.64,553
11/15/1969,322.78,554
11/22/1969,323.1,555
11/29/1969,323.52,556
12/6/1969,323.91,557
12/13/1969,323.99,558
12/20/1969,324.22,559
12/27/1969,324.5,560
1/3/1970,324.7,561
1/10/1970,325.4,562
1/17/1970,325.05,563
1/24/1970,324.8,564
1/31/1970,325.55,565
2/7/1970,325.7,566
2/14/1970,326.02,567
2/21/1970,326.32,568
2/28/1970,326.17,569
3/7/1970,326.85,570
3/14/1970,326.8,571
3/21/1970,327.51,572
3/28/1970,326.95,573
4/4/1970,328.2,574
4/11/1970,327.84,575
4/18/1970,327.81,576
4/25/1970,328.55,577
5/2/1970,327.99,578
5/9/1970,327.56,579
5/16/1970,328.03,580
5/23/1970,328.33,581
5/30/1970,327.98,582
6/6/1970,327.55,583
6/13/1970,327.86,584
6/20/1970,327.71,585
6/27/1970,327.23,586
7/4/1970,327.29,587
7/11/1970,326.24,588
7/18/1970,326.28,589
7/25/1970,325.63,590
8/1/1970,325.24,591
8/8/1970,325.21,592
8/15/1970,324.86,593
8/22/1970,324.84,594
8/29/1970,323.33,595
9/5/1970,322.97,596
9/12/1970,323.58,597
9/19/1970,323.18,598
9/26/1970,323.15,599
10/3/1970,323.21,600
10/10/1970,323.56,601
10/17/1970,322.92,602
10/24/1970,323.02,603
10/31/1970,323.18,604
11/7/1970,323.69,605
11/14/1970,323.76,606
11/21/1970,324.23,607
11/28/1970,324.71,608
12/5/1970,324.73,609
12/12/1970,325,610
12/19/1970,325.29,611
12/26/1970,325.58,612
1/2/1971,325.77,613
1/9/1971,325.89,614
1/16/1971,325.9,615
1/23/1971,326.72,616
1/30/1971,326.68,617
2/6/1971,326.55,618
2/13/1971,326.49,619
2/20/1971,326.79,620
2/27/1971,327.05,621
3/6/1971,327.15,622
3/13/1971,327.34,623
3/20/1971,327.08,624
3/27/1971,327.45,625
4/3/1971,327.44,626
4/10/1971,327.1,627
4/17/1971,327.71,628
4/24/1971,328.56,629
5/1/1971,328.2,630
5/8/1971,329.07,631
5/15/1971,329.28,632
5/22/1971,328.92,633
5/29/1971,328.81,634
6/5/1971,328.56,635
6/12/1971,328.8,636
6/19/1971,328.18,637
6/26/1971,328.52,638
7/3/1971,327.92,639
7/10/1971,327.88,640
7/17/1971,327.55,641
7/24/1971,326.21,642
7/31/1971,326.74,643
8/7/1971,326.12,644
8/14/1971,325.61,645
8/21/1971,325.39,646
8/28/1971,324.04,647
9/4/1971,323.65,648
9/11/1971,323.51,649
9/18/1971,323.26,650
9/25/1971,323.3,651
10/2/1971,323.32,652
10/9/1971,322.95,653
10/16/1971,323.52,654
10/23/1971,323.69,655
10/30/1971,324.4,656
11/6/1971,324.36,657
11/13/1971,324.53,658
11/20/1971,325.04,659
11/27/1971,325.51,660
12/4/1971,325.38,661
12/11/1971,325.93,662
12/18/1971,326.28,663
12/25/1971,326.35,664
1/1/1972,326.61,665
1/8/1972,326.67,666
1/15/1972,326.62,667
1/22/1972,326.68,668
1/29/1972,327.24,669
2/5/1972,327.4,670
2/12/1972,327.95,671
2/19/1972,327.83,672
2/26/1972,327.42,673
3/4/1972,327.58,674
3/11/1972,327.16,675
3/18/1972,327.78,676
3/25/1972,328.62,677
4/1/1972,328.97,678
4/8/1972,329.47,679
4/15/1972,329.83,680
4/22/1972,330.13,681
4/29/1972,330.02,682
5/6/1972,330.04,683
5/13/1972,329.75,684
5/20/1972,330.11,685
5/27/1972,330.21,686
6/3/1972,329.71,687
6/10/1972,329.15,688
6/17/1972,329.04,689
6/24/1972,328.52,690
7/1/1972,328.63,691
7/8/1972,328.3,692
7/15/1972,327.72,693
7/22/1972,328.14,694
7/29/1972,327.51,695
8/5/1972,326.92,696
8/12/1972,326.66,697
8/19/1972,326.57,698
8/26/1972,325.05,699
9/2/1972,325.4,700
9/9/1972,325.77,701
9/16/1972,324.81,702
9/23/1972,324.26,703
9/30/1972,324.23,704
10/7/1972,324.88,705
10/14/1972,325.52,706
10/21/1972,325.11,707
10/28/1972,325.86,708
11/4/1972,326.32,709
11/11/1972,326.13,710
11/18/1972,326.44,711
11/25/1972,326.98,712
12/2/1972,326.94,713
12/9/1972,327.16,714
12/16/1972,327.6,715
12/23/1972,327.91,716
12/30/1972,328.26,717
1/6/1973,328.4,718
1/13/1973,328.44,719
1/20/1973,328.66,720
1/27/1973,328.86,721
2/3/1973,329.19,722
2/10/1973,329.53,723
2/17/1973,329.67,724
2/24/1973,329.7,725
3/3/1973,329.95,726
3/10/1973,330.11,727
3/17/1973,330.55,728
3/24/1973,330.83,729
3/31/1973,330.68,730
4/7/1973,331.22,731
4/14/1973,331.1,732
4/21/1973,331.94,733
4/28/1973,332.16,734
5/5/1973,332.21,735
5/12/1973,332.35,736
5/19/1973,332.63,737
5/26/1973,332.58,738
6/2/1973,332.27,739
6/9/1973,332.58,740
6/16/1973,332.02,741
6/23/1973,331.63,742
6/30/1973,331.43,743
7/7/1973,331.53,744
7/14/1973,331.07,745
7/21/1973,330.08,746
7/28/1973,330.13,747
8/4/1973,330.05,748
8/11/1973,329.54,749
8/18/1973,329.36,750
8/25/1973,328.53,751
9/1/1973,328.45,752
9/8/1973,327.65,753
9/15/1973,327.81,754
9/22/1973,327.1,755
9/29/1973,326.6,756
10/6/1973,327.05,757
10/13/1973,327.4,758
10/20/1973,327.48,759
10/27/1973,327.18,760
11/3/1973,327.59,761
11/10/1973,328.02,762
11/17/1973,328.2,763
11/24/1973,328.57,764
12/1/1973,329.05,765
12/8/1973,328.7,766
12/15/1973,328.65,767
12/22/1973,328.24,768
12/29/1973,328.71,769
1/5/1974,328.91,770
1/12/1974,329.29,771
1/19/1974,329.41,772
1/26/1974,329.85,773
2/2/1974,330.54,774
2/9/1974,330.81,775
2/16/1974,330.61,776
2/23/1974,330.68,777
3/2/1974,330.79,778
3/9/1974,331.2,779
3/16/1974,332.11,780
3/23/1974,332,781
3/30/1974,331.56,782
4/6/1974,332.47,783
4/13/1974,332.14,784
4/20/1974,332.93,785
4/27/1974,333.17,786
5/4/1974,332.95,787
5/11/1974,333.09,788
5/18/1974,333.27,789
5/25/1974,332.87,790
6/1/1974,332.93,791
6/8/1974,332.03,792
6/15/1974,332.03,793
6/22/1974,332.26,794
6/29/1974,331.73,795
7/6/1974,331.73,796
7/13/1974,331.29,797
7/20/1974,330.47,798
7/27/1974,331.02,799
8/3/1974,330.09,800
8/10/1974,329.92,801
8/17/1974,329.29,802
8/24/1974,328.97,803
8/31/1974,328.19,804
9/7/1974,328.03,805
9/14/1974,327.35,806
9/21/1974,326.91,807
9/28/1974,327.38,808
10/5/1974,327.39,809
10/12/1974,327.06,810
10/19/1974,327.56,811
10/26/1974,327.7,812
11/2/1974,327.99,813
11/9/1974,328.09,814
11/16/1974,328.83,815
11/23/1974,328.65,816
11/30/1974,328.75,817
12/7/1974,329.5,818
12/14/1974,329.73,819
12/21/1974,329.82,820
12/28/1974,329.78,821
1/4/1975,329.93,822
1/11/1975,329.82,823
1/18/1975,330.27,824
1/25/1975,331.13,825
2/1/1975,331.18,826
2/8/1975,331.47,827
2/15/1975,331,828
2/22/1975,331.72,829
3/1/1975,331.88,830
3/8/1975,331.61,831
3/15/1975,331.96,832
3/22/1975,332.27,833
3/29/1975,332.58,834
4/5/1975,333.03,835
4/12/1975,333.58,836
4/19/1975,333.54,837
4/26/1975,333.13,838
5/3/1975,333.94,839
5/10/1975,333.93,840
5/17/1975,333.76,841
5/24/1975,333.73,842
5/31/1975,334.13,843
6/7/1975,333.87,844
6/14/1975,333.38,845
6/21/1975,333.45,846
6/28/1975,333.19,847
7/5/1975,332.71,848
7/12/1975,332.05,849
7/19/1975,331.05,850
7/26/1975,331.57,851
8/2/1975,330.83,852
8/9/1975,330.7,853
8/16/1975,330.35,854
8/23/1975,329.3,855
8/30/1975,328.88,856
9/6/1975,329.45,857
9/13/1975,328.52,858
9/20/1975,328.09,859
9/27/1975,328.28,860
10/4/1975,328.03,861
10/11/1975,328.05,862
10/18/1975,328.57,863
10/25/1975,328.81,864
11/1/1975,329.35,865
11/8/1975,329.2,866
11/15/1975,329.17,867
11/22/1975,329.54,868
11/29/1975,330.14,869
12/6/1975,330.35,870
12/13/1975,330.54,871
12/20/1975,331.13,872
12/27/1975,331.29,873
1/3/1976,331.57,874
1/10/1976,331.51,875
1/17/1976,331.74,876
1/24/1976,331.87,877
1/31/1976,332.28,878
2/7/1976,332.19,879
2/14/1976,332.52,880
2/21/1976,333.26,881
2/28/1976,332.48,882
3/6/1976,332.81,883
3/13/1976,333.6,884
3/20/1976,333.14,885
3/27/1976,334.39,886
4/3/1976,334.73,887
4/10/1976,334.26,888
4/17/1976,334.42,889
4/24/1976,334.54,890
5/1/1976,334.74,891
5/8/1976,334.33,892
5/15/1976,334.6,893
5/22/1976,335.43,894
5/29/1976,334.87,895
6/5/1976,334.36,896
6/12/1976,334.63,897
6/19/1976,334.32,898
7/3/1976,333.66,899
7/10/1976,333.42,900
7/17/1976,332.85,901
7/24/1976,332.47,902
7/31/1976,332.13,903
8/7/1976,331.72,904
8/14/1976,330.65,905
8/21/1976,330.69,906
8/28/1976,330.09,907
9/4/1976,329.75,908
9/11/1976,330.09,909
9/18/1976,329.33,910
9/25/1976,328.42,911
10/2/1976,328.85,912
10/9/1976,329.06,913
10/16/1976,329.6,914
10/23/1976,329.17,915
10/30/1976,329.03,916
11/6/1976,329.84,917
11/13/1976,330.43,918
11/20/1976,330.59,919
11/27/1976,330.7,920
12/4/1976,331.15,921
12/11/1976,331.33,922
12/18/1976,331.92,923
12/25/1976,332.2,924
1/1/1977,332.58,925
1/8/1977,332.43,926
1/15/1977,333.14,927
1/22/1977,333.24,928
1/29/1977,333.22,929
2/5/1977,333.41,930
2/12/1977,333.33,931
2/19/1977,333.45,932
2/26/1977,333.63,933
3/5/1977,334.1,934
3/12/1977,334.67,935
3/19/1977,335.11,936
3/26/1977,335.02,937
4/2/1977,335.53,938
4/9/1977,335.94,939
4/16/1977,336.01,940
4/23/1977,336.12,941
4/30/1977,336.78,942
5/7/1977,336.8,943
5/14/1977,336.47,944
5/21/1977,336.84,945
5/28/1977,336.72,946
6/4/1977,336.49,947
6/11/1977,336.31,948
6/18/1977,336.19,949
6/25/1977,336.03,950
7/2/1977,335.59,951
7/9/1977,335.1,952
7/16/1977,335.11,953
7/23/1977,334.6,954
7/30/1977,333.76,955
8/6/1977,333.01,956
8/13/1977,332.98,957
8/20/1977,332.84,958
8/27/1977,332.85,959
9/3/1977,332.17,960
9/10/1977,331.21,961
9/17/1977,332.1,962
9/24/1977,330.96,963
10/1/1977,330.45,964
10/8/1977,330.95,965
10/15/1977,331.52,966
10/22/1977,331.52,967
10/29/1977,331.74,968
11/5/1977,332.13,969
11/12/1977,332.03,970
11/19/1977,332.59,971
11/26/1977,332.85,972
12/3/1977,333.2,973
12/10/1977,333.51,974
12/17/1977,333.85,975
12/24/1977,334.25,976
12/31/1977,334.67,977
1/7/1978,334.27,978
1/14/1978,334.63,979
1/21/1978,335.46,980
1/28/1978,335.94,981
2/4/1978,335,982
2/11/1978,335.13,983
2/18/1978,335.66,984
2/25/1978,335.7,985
3/4/1978,336.27,986
3/11/1978,336.1,987
3/18/1978,336.8,988
3/25/1978,337.39,989
4/1/1978,337.08,990
4/8/1978,337.99,991
4/15/1978,337.94,992
4/22/1978,337.47,993
4/29/1978,338.05,994
5/6/1978,338.07,995
5/13/1978,338.1,996
5/20/1978,337.82,997
5/27/1978,337.9,998
6/3/1978,338.48,999
6/10/1978,338.23,1000
6/17/1978,337.86,1001
6/24/1978,337.39,1002
7/1/1978,337.69,1003
7/8/1978,336.79,1004
7/15/1978,336.72,1005
7/22/1978,335.95,1006
7/29/1978,335.69,1007
8/5/1978,335.17,1008
8/12/1978,334.84,1009
8/19/1978,334.41,1010
8/26/1978,334.37,1011
9/2/1978,333.88,1012
9/9/1978,332.88,1013
9/16/1978,332.19,1014
9/23/1978,332.38,1015
9/30/1978,332.76,1016
10/7/1978,332.1,1017
10/14/1978,332.45,1018
10/21/1978,333.02,1019
10/28/1978,333.18,1020
11/4/1978,333.58,1021
11/11/1978,333.85,1022
11/18/1978,333.88,1023
11/25/1978,334.2,1024
12/2/1978,334.52,1025
12/9/1978,334.8,1026
12/16/1978,335.15,1027
12/23/1978,335.12,1028
12/30/1978,335.32,1029
1/6/1979,335.36,1030
1/13/1979,335.97,1031
1/20/1979,336.85,1032
1/27/1979,336.95,1033
2/3/1979,336.9,1034
2/10/1979,336.54,1035
2/17/1979,336.71,1036
2/24/1979,336.79,1037
3/3/1979,337.12,1038
3/10/1979,337.79,1039
3/17/1979,337.43,1040
3/24/1979,339.02,1041
3/31/1979,338.8,1042
4/7/1979,338.17,1043
4/14/1979,338.66,1044
4/21/1979,339.25,1045
4/28/1979,339.6,1046
5/5/1979,339.3,1047
5/12/1979,338.88,1048
5/19/1979,339.86,1049
5/26/1979,339.62,1050
6/2/1979,339.93,1051
6/9/1979,339.52,1052
6/16/1979,338.9,1053
6/23/1979,338.95,1054
6/30/1979,339,1055
7/7/1979,338.28,1056
7/14/1979,337.82,1057
7/21/1979,337.37,1058
7/28/1979,336.84,1059
8/4/1979,337.03,1060
8/11/1979,336.59,1061
8/18/1979,336.17,1062
8/25/1979,334.56,1063
9/1/1979,334.45,1064
9/8/1979,334,1065
9/15/1979,334.21,1066
9/22/1979,333.28,1067
9/29/1979,334.11,1068
10/6/1979,334.1,1069
10/13/1979,333.97,1070
10/20/1979,333.74,1071
10/27/1979,334.16,1072
11/3/1979,334.73,1073
11/10/1979,334.86,1074
11/17/1979,335.59,1075
11/24/1979,335.68,1076
12/1/1979,335.99,1077
12/8/1979,336.5,1078
12/15/1979,336.77,1079
12/22/1979,336.88,1080
12/29/1979,337.4,1081
1/5/1980,337.67,1082
1/12/1980,337.48,1083
1/19/1980,338.38,1084
1/26/1980,338.49,1085
2/2/1980,338.05,1086
2/9/1980,338.14,1087
2/16/1980,338.68,1088
2/23/1980,338.26,1089
3/1/1980,339.31,1090
3/8/1980,339.54,1091
3/15/1980,340.02,1092
3/22/1980,340.54,1093
3/29/1980,341.01,1094
4/5/1980,340.41,1095
4/12/1980,340.95,1096
4/19/1980,340.75,1097
4/26/1980,341.06,1098
5/3/1980,341.52,1099
5/10/1980,341.3,1100
5/17/1980,341.38,1101
5/24/1980,340.92,1102
5/31/1980,341.72,1103
6/7/1980,341.38,1104
6/14/1980,341.39,1105
6/21/1980,340.87,1106
6/28/1980,340.4,1107
7/5/1980,340.44,1108
7/12/1980,339.78,1109
7/19/1980,338.51,1110
7/26/1980,338.92,1111
8/2/1980,337.98,1112
8/9/1980,337.77,1113
8/16/1980,337.75,1114
8/23/1980,337.79,1115
8/30/1980,337.01,1116
9/6/1980,336.65,1117
9/13/1980,335.75,1118
9/20/1980,335.28,1119
9/27/1980,336.03,1120
10/4/1980,335.83,1121
10/11/1980,335.87,1122
10/18/1980,336.1,1123
10/25/1980,336.42,1124
11/1/1980,336.65,1125
11/8/1980,336.98,1126
11/15/1980,337.14,1127
11/22/1980,337.31,1128
11/29/1980,337.41,1129
12/6/1980,337.77,1130
12/13/1980,338.1,1131
12/20/1980,338.39,1132
12/27/1980,338.72,1133
1/3/1981,338.94,1134
1/10/1981,339.13,1135
1/17/1981,339.39,1136
1/24/1981,339.36,1137
1/31/1981,339.55,1138
2/7/1981,340.57,1139
2/14/1981,340.04,1140
2/21/1981,340.2,1141
2/28/1981,341.11,1142
3/7/1981,340.73,1143
3/14/1981,341.04,1144
3/21/1981,341.89,1145
3/28/1981,342.19,1146
4/4/1981,342.42,1147
4/11/1981,342.49,1148
4/18/1981,342.78,1149
4/25/1981,342.3,1150
5/2/1981,342.95,1151
5/9/1981,343,1152
5/16/1981,342.8,1153
5/23/1981,342.7,1154
5/30/1981,342.75,1155
6/6/1981,342.64,1156
6/13/1981,342.54,1157
6/20/1981,341.81,1158
6/27/1981,341.64,1159
7/4/1981,341.05,1160
7/11/1981,340.87,1161
7/18/1981,339.76,1162
7/25/1981,340.21,1163
8/1/1981,339.56,1164
8/8/1981,338.92,1165
8/15/1981,338.48,1166
8/22/1981,337.57,1167
8/29/1981,337.73,1168
9/5/1981,337.2,1169
9/12/1981,337.03,1170
9/19/1981,336.75,1171
9/26/1981,335.95,1172
10/3/1981,336.3,1173
10/10/1981,336.65,1174
10/17/1981,337.13,1175
10/24/1981,337.22,1176
10/31/1981,337.56,1177
11/7/1981,337.87,1178
11/14/1981,338.14,1179
11/21/1981,338.57,1180
11/28/1981,339.3,1181
12/5/1981,339.29,1182
12/12/1981,339.41,1183
12/19/1981,339.65,1184
12/26/1981,340.23,1185
1/2/1982,340.28,1186
1/9/1982,340.39,1187
1/16/1982,340.72,1188
1/23/1982,341.13,1189
1/30/1982,341.29,1190
2/6/1982,341.94,1191
2/13/1982,341.11,1192
2/20/1982,341.14,1193
2/27/1982,342.19,1194
3/6/1982,342.66,1195
3/13/1982,342.61,1196
3/20/1982,342.78,1197
3/27/1982,342.81,1198
4/3/1982,342.96,1199
4/10/1982,343.3,1200
4/17/1982,343.5,1201
4/24/1982,344.29,1202
5/1/1982,343.83,1203
5/8/1982,343.68,1204
5/15/1982,344.29,1205
5/22/1982,344.1,1206
5/29/1982,344.1,1207
6/5/1982,343.48,1208
6/12/1982,343.5,1209
6/19/1982,343.46,1210
6/26/1982,342.91,1211
7/3/1982,342.53,1212
7/10/1982,342.03,1213
7/17/1982,342.02,1214
7/24/1982,341.81,1215
7/31/1982,341.31,1216
8/7/1982,340.57,1217
8/14/1982,340.06,1218
8/21/1982,339.71,1219
8/28/1982,338.32,1220
9/4/1982,338.88,1221
9/11/1982,338.61,1222
9/18/1982,337.84,1223
9/25/1982,336.92,1224
10/2/1982,337.32,1225
10/9/1982,338.09,1226
10/16/1982,337.6,1227
10/23/1982,337.94,1228
10/30/1982,338.7,1229
11/6/1982,338.49,1230
11/13/1982,339.2,1231
11/20/1982,339.72,1232
11/27/1982,339.88,1233
12/4/1982,339.86,1234
12/11/1982,340.43,1235
12/18/1982,340.71,1236
12/25/1982,340.82,1237
1/1/1983,340.94,1238
1/8/1983,341.44,1239
1/15/1983,341.57,1240
1/22/1983,341.25,1241
1/29/1983,341.72,1242
2/5/1983,342,1243
2/12/1983,342.77,1244
2/19/1983,342.5,1245
2/26/1983,342.84,1246
3/5/1983,342.38,1247
3/12/1983,342.58,1248
3/19/1983,344.06,1249
3/26/1983,343.81,1250
4/2/1983,344.02,1251
4/9/1983,344.89,1252
4/16/1983,345.07,1253
4/23/1983,345.32,1254
4/30/1983,345.46,1255
5/7/1983,345.43,1256
5/14/1983,345.77,1257
5/21/1983,345.85,1258
5/28/1983,345.76,1259
6/4/1983,345.68,1260
6/11/1983,345.6,1261
6/18/1983,345.04,1262
6/25/1983,344.97,1263
7/2/1983,344.74,1264
7/9/1983,344.59,1265
7/16/1983,343.73,1266
7/23/1983,343.66,1267
7/30/1983,342.6,1268
8/6/1983,343.05,1269
8/13/1983,341.7,1270
8/20/1983,342.14,1271
8/27/1983,341.8,1272
9/3/1983,339.94,1273
9/10/1983,339.99,1274
9/17/1983,339.86,1275
9/24/1983,339.98,1276
10/1/1983,339.87,1277
10/8/1983,339.76,1278
10/15/1983,340.12,1279
10/22/1983,340.25,1280
10/29/1983,340.37,1281
11/5/1983,340.8,1282
11/12/1983,341,1283
11/19/1983,341.18,1284
11/26/1983,341.7,1285
12/3/1983,341.87,1286
12/10/1983,342.85,1287
12/17/1983,343.39,1288
12/24/1983,343.61,1289
12/31/1983,343.47,1290
1/7/1984,343.78,1291
1/14/1984,343.47,1292
1/21/1984,343.5,1293
1/28/1984,344.16,1294
2/4/1984,344.35,1295
2/11/1984,344.57,1296
2/18/1984,344.33,1297
2/25/1984,344.69,1298
3/3/1984,344.88,1299
3/10/1984,344.95,1300
3/17/1984,345.45,1301
3/24/1984,345.69,1302
4/28/1984,347.47,1303
5/5/1984,347.49,1304
5/12/1984,347.78,1305
5/19/1984,347.36,1306
5/26/1984,347.03,1307
6/2/1984,347.09,1308
6/9/1984,347.02,1309
6/16/1984,346.89,1310
6/23/1984,346.37,1311
6/30/1984,346.24,1312
7/7/1984,345.82,1313
7/14/1984,345.48,1314
7/21/1984,345.25,1315
7/28/1984,344.48,1316
8/4/1984,344.05,1317
8/11/1984,344.12,1318
8/18/1984,343.19,1319
8/25/1984,342.05,1320
9/1/1984,341.65,1321
9/8/1984,340.65,1322
9/15/1984,341.37,1323
9/22/1984,341.31,1324
9/29/1984,340.85,1325
10/6/1984,341.19,1326
10/13/1984,341.3,1327
10/20/1984,341.91,1328
10/27/1984,341.67,1329
11/3/1984,342.01,1330
11/10/1984,342.65,1331
11/17/1984,343.14,1332
11/24/1984,343.75,1333
12/1/1984,343.6,1334
12/8/1984,343.95,1335
12/15/1984,344.23,1336
12/22/1984,344.58,1337
12/29/1984,344.57,1338
1/5/1985,344.77,1339
1/12/1985,345.01,1340
1/19/1985,345.01,1341
1/26/1985,345.08,1342
2/2/1985,345.95,1343
2/9/1985,345.54,1344
2/16/1985,345.82,1345
2/23/1985,346.37,1346
3/2/1985,346.77,1347
3/9/1985,347.11,1348
3/16/1985,347.58,1349
3/23/1985,347.7,1350
3/30/1985,348.27,1351
4/6/1985,348.04,1352
4/13/1985,348.08,1353
4/20/1985,348.52,1354
4/27/1985,348.84,1355
5/4/1985,348.89,1356
5/11/1985,349.31,1357
5/18/1985,349.18,1358
5/25/1985,348.18,1359
6/1/1985,349.05,1360
6/8/1985,348.49,1361
6/15/1985,348.24,1362
6/22/1985,347.9,1363
6/29/1985,347.47,1364
7/6/1985,346.9,1365
7/13/1985,346.8,1366
7/20/1985,346.43,1367
7/27/1985,345.79,1368
8/10/1985,344.7,1369
8/17/1985,344.5,1370
8/24/1985,344.38,1371
8/31/1985,343.76,1372
9/7/1985,344.29,1373
9/14/1985,343.37,1374
9/21/1985,342.46,1375
9/28/1985,342.13,1376
10/5/1985,342.4,1377
10/12/1985,342.5,1378
10/19/1985,343.14,1379
10/26/1985,343.22,1380
11/2/1985,343.38,1381
11/9/1985,343.77,1382
11/16/1985,344.25,1383
11/23/1985,344.64,1384
11/30/1985,345.3,1385
12/7/1985,345.37,1386
12/14/1985,345.67,1387
12/21/1985,345.17,1388
12/28/1985,346.3,1389
1/4/1986,346.44,1390
1/11/1986,346.09,1391
1/18/1986,346.25,1392
1/25/1986,346.46,1393
2/1/1986,346.22,1394
2/8/1986,346.84,1395
2/15/1986,347.18,1396
2/22/1986,347.2,1397
3/1/1986,347.07,1398
3/8/1986,346.65,1399
3/15/1986,347.22,1400
3/22/1986,349.15,1401
3/29/1986,348.87,1402
4/5/1986,349.21,1403
4/12/1986,349.45,1404
4/19/1986,349.34,1405
4/26/1986,350.2,1406
5/3/1986,349.99,1407
5/10/1986,350.14,1408
5/17/1986,350.23,1409
5/24/1986,350.13,1410
5/31/1986,350.18,1411
6/7/1986,349.73,1412
6/14/1986,349.54,1413
6/21/1986,349.48,1414
6/28/1986,348.92,1415
7/5/1986,348.69,1416
7/12/1986,347.77,1417
7/19/1986,347.61,1418
7/26/1986,347.41,1419
8/2/1986,346.65,1420
8/9/1986,346.23,1421
8/16/1986,345.59,1422
8/23/1986,345.62,1423
8/30/1986,345.27,1424
9/6/1986,345.05,1425
9/13/1986,345.32,1426
9/20/1986,344.43,1427
9/27/1986,344.51,1428
10/4/1986,343.99,1429
10/11/1986,344.11,1430
10/18/1986,343.99,1431
10/25/1986,344.57,1432
11/1/1986,345.17,1433
11/8/1986,345.35,1434
11/15/1986,345.63,1435
11/22/1986,345.72,1436
11/29/1986,346.41,1437
12/6/1986,346.92,1438
12/13/1986,346.77,1439
12/20/1986,346.97,1440
12/27/1986,347.08,1441
1/3/1987,347.62,1442
1/10/1987,348.37,1443
1/17/1987,348.27,1444
1/24/1987,347.96,1445
1/31/1987,348.03,1446
2/7/1987,347.91,1447
2/14/1987,348.25,1448
2/21/1987,348.54,1449
2/28/1987,349.47,1450
3/7/1987,348.85,1451
3/14/1987,349.27,1452
3/21/1987,349.79,1453
3/28/1987,350.2,1454
4/4/1987,350.82,1455
4/11/1987,350.27,1456
4/18/1987,351.19,1457
4/25/1987,351.39,1458
5/2/1987,351.43,1459
5/9/1987,352,1460
5/16/1987,351.73,1461
5/23/1987,351.91,1462
5/30/1987,351.78,1463
6/6/1987,351.65,1464
6/13/1987,351.17,1465
6/20/1987,351,1466
6/27/1987,350.94,1467
7/4/1987,349.76,1468
7/11/1987,349.84,1469
7/18/1987,348.87,1470
7/25/1987,349.51,1471
8/1/1987,349.04,1472
8/8/1987,348.15,1473
8/15/1987,348.62,1474
8/22/1987,348.01,1475
8/29/1987,346.71,1476
9/5/1987,347.05,1477
9/12/1987,346.65,1478
9/19/1987,346.29,1479
9/26/1987,345.85,1480
10/3/1987,345.77,1481
10/10/1987,346.34,1482
10/17/1987,346.59,1483
10/24/1987,346.8,1484
10/31/1987,346.91,1485
11/7/1987,347.34,1486
11/14/1987,347.65,1487
11/21/1987,348.16,1488
11/28/1987,348.75,1489
12/5/1987,348.66,1490
12/12/1987,348.82,1491
12/19/1987,349.12,1492
12/26/1987,349.29,1493
1/2/1988,349.78,1494
1/9/1988,350.28,1495
1/16/1988,350.21,1496
1/23/1988,350.79,1497
1/30/1988,351.22,1498
2/6/1988,351.81,1499
2/13/1988,351.31,1500
2/20/1988,351.53,1501
2/27/1988,352.55,1502
3/5/1988,352.88,1503
3/12/1988,351.88,1504
3/19/1988,351.78,1505
3/26/1988,352.23,1506
4/2/1988,353.13,1507
4/9/1988,353.57,1508
4/16/1988,353.15,1509
4/23/1988,354,1510
4/30/1988,354.23,1511
5/7/1988,353.76,1512
5/14/1988,354.3,1513
5/21/1988,354.52,1514
5/28/1988,354.2,1515
6/4/1988,354.18,1516
6/11/1988,354.2,1517
6/18/1988,353.61,1518
6/25/1988,353.19,1519
7/2/1988,353.08,1520
7/9/1988,352.56,1521
7/16/1988,352.65,1522
7/23/1988,351.96,1523
7/30/1988,351.13,1524
8/6/1988,350.95,1525
8/13/1988,350.3,1526
8/20/1988,350.49,1527
8/27/1988,349.61,1528
9/3/1988,349.38,1529
9/10/1988,348.73,1530
9/17/1988,348.95,1531
9/24/1988,348.19,1532
10/1/1988,348.82,1533
10/8/1988,348.88,1534
10/15/1988,348.68,1535
10/22/1988,349.42,1536
10/29/1988,349.29,1537
11/5/1988,349.78,1538
11/12/1988,349.89,1539
11/19/1988,350.18,1540
11/26/1988,350.48,1541
12/3/1988,350.5,1542
12/10/1988,351.02,1543
12/17/1988,351.6,1544
12/24/1988,351.36,1545
12/31/1988,352.4,1546
1/7/1989,352.77,1547
1/14/1989,352.97,1548
1/21/1989,352.51,1549
1/28/1989,353.06,1550
2/4/1989,352.83,1551
2/11/1989,352.64,1552
2/18/1989,353.22,1553
2/25/1989,353.48,1554
3/4/1989,353.17,1555
3/11/1989,353.46,1556
3/18/1989,353.55,1557
3/25/1989,354.48,1558
4/1/1989,354.56,1559
4/8/1989,355.05,1560
4/15/1989,355.41,1561
4/22/1989,356.01,1562
4/29/1989,355.9,1563
5/6/1989,355.36,1564
5/13/1989,355.82,1565
5/20/1989,355.64,1566
5/27/1989,355.76,1567
6/3/1989,355.8,1568
6/10/1989,355.09,1569
6/17/1989,354.87,1570
6/24/1989,354.9,1571
7/1/1989,354.5,1572
7/8/1989,354.76,1573
7/15/1989,353.85,1574
7/22/1989,353.19,1575
7/29/1989,353.21,1576
8/5/1989,352.62,1577
8/12/1989,352.24,1578
8/19/1989,351.16,1579
8/26/1989,350.43,1580
9/2/1989,350.79,1581
9/9/1989,350.28,1582
9/16/1989,349.41,1583
9/23/1989,349.31,1584
9/30/1989,349.71,1585
10/7/1989,349.97,1586
10/14/1989,349.74,1587
10/21/1989,350.24,1588
10/28/1989,350.47,1589
11/4/1989,350.66,1590
11/11/1989,351.29,1591
11/18/1989,351.6,1592
11/25/1989,351.46,1593
12/2/1989,352.09,1594
12/9/1989,352.16,1595
12/16/1989,352.48,1596
12/23/1989,352.59,1597
12/30/1989,353.44,1598
1/6/1990,353.47,1599
1/13/1990,353.55,1600
1/20/1990,353.8,1601
1/27/1990,353.96,1602
2/3/1990,354.13,1603
2/10/1990,355.02,1604
2/17/1990,354.87,1605
2/24/1990,354.78,1606
3/3/1990,355.72,1607
3/10/1990,354.99,1608
3/17/1990,355.84,1609
3/24/1990,355.17,1610
3/31/1990,355.95,1611
4/7/1990,356.17,1612
4/14/1990,355.9,1613
4/21/1990,356.68,1614
4/28/1990,356.18,1615
5/5/1990,357.3,1616
5/12/1990,357.09,1617
5/19/1990,356.99,1618
5/26/1990,357.13,1619
6/2/1990,357.01,1620
6/9/1990,356.63,1621
6/16/1990,355.68,1622
6/23/1990,355.53,1623
6/30/1990,355.79,1624
7/7/1990,355.51,1625
7/14/1990,354,1626
7/21/1990,354.59,1627
7/28/1990,354.72,1628
8/4/1990,353.56,1629
8/11/1990,353.23,1630
8/18/1990,352.92,1631
8/25/1990,352.01,1632
9/1/1990,350.99,1633
9/8/1990,350.75,1634
9/15/1990,351.33,1635
9/22/1990,350.97,1636
9/29/1990,350.92,1637
10/6/1990,351.1,1638
10/13/1990,351.08,1639
10/20/1990,351.48,1640
10/27/1990,351.47,1641
11/3/1990,352.12,1642
11/10/1990,352.62,1643
11/17/1990,353.05,1644
11/24/1990,353.18,1645
12/1/1990,353.61,1646
12/8/1990,354.07,1647
12/15/1990,353.87,1648
12/22/1990,354.51,1649
12/29/1990,354.89,1650
1/5/1991,354.28,1651
1/12/1991,354.73,1652
1/19/1991,354.86,1653
1/26/1991,355.05,1654
2/2/1991,355.22,1655
2/9/1991,355.23,1656
2/16/1991,356.4,1657
2/23/1991,355.83,1658
3/2/1991,356.41,1659
3/9/1991,357.21,1660
3/16/1991,357.69,1661
3/23/1991,356.96,1662
3/30/1991,357.94,1663
4/6/1991,358.32,1664
4/13/1991,357.83,1665
4/20/1991,359.19,1666
4/27/1991,359.24,1667
5/4/1991,359.11,1668
5/11/1991,358.94,1669
5/18/1991,360.03,1670
5/25/1991,359.08,1671
6/1/1991,358.52,1672
6/8/1991,358.46,1673
6/15/1991,358.22,1674
6/22/1991,358.12,1675
6/29/1991,357.74,1676
7/6/1991,357.27,1677
7/13/1991,356.54,1678
7/20/1991,355.26,1679
7/27/1991,355.3,1680
8/3/1991,354.89,1681
8/10/1991,354.6,1682
8/17/1991,353.78,1683
8/24/1991,353.07,1684
8/31/1991,353.22,1685
9/7/1991,353.06,1686
9/14/1991,352.12,1687
9/21/1991,351.84,1688
9/28/1991,351.69,1689
10/5/1991,351.7,1690
10/12/1991,352.18,1691
10/19/1991,352.53,1692
10/26/1991,352.72,1693
11/2/1991,353.47,1694
11/9/1991,353.76,1695
11/16/1991,353.56,1696
11/23/1991,353.86,1697
11/30/1991,354.35,1698
12/7/1991,354.54,1699
12/14/1991,354.97,1700
12/21/1991,355.22,1701
12/28/1991,355.5,1702
1/4/1992,355.69,1703
1/11/1992,356.07,1704
1/18/1992,356.19,1705
1/25/1992,355.96,1706
2/1/1992,356.05,1707
2/8/1992,356.73,1708
2/15/1992,357.33,1709
2/22/1992,356.99,1710
2/29/1992,356.58,1711
3/7/1992,357.3,1712
3/14/1992,357.8,1713
3/21/1992,358.18,1714
3/28/1992,358.42,1715
4/4/1992,358.57,1716
4/11/1992,358.99,1717
4/18/1992,359.75,1718
4/25/1992,359.25,1719
5/2/1992,359.69,1720
5/9/1992,359.73,1721
5/16/1992,358.6,1722
5/23/1992,359.65,1723
5/30/1992,360.25,1724
6/6/1992,360.03,1725
6/13/1992,359.48,1726
6/20/1992,358.75,1727
6/27/1992,358.45,1728
7/4/1992,358.47,1729
7/11/1992,357.2,1730
7/18/1992,356.37,1731
7/25/1992,356.1,1732
8/1/1992,354.99,1733
8/8/1992,355.33,1734
8/15/1992,355.32,1735
8/22/1992,354.59,1736
8/29/1992,354.34,1737
9/5/1992,353.53,1738
9/12/1992,353.66,1739
9/19/1992,352.37,1740
9/26/1992,352.75,1741
10/3/1992,353.6,1742
10/10/1992,353.38,1743
10/17/1992,353.24,1744
10/24/1992,353.51,1745
10/31/1992,353.56,1746
11/7/1992,353.99,1747
11/14/1992,353.86,1748
11/21/1992,354.57,1749
11/28/1992,354.64,1750
12/5/1992,354.85,1751
12/12/1992,355.37,1752
12/19/1992,355.46,1753
12/26/1992,355.97,1754
1/2/1993,356.29,1755
1/9/1993,356.96,1756
1/16/1993,356.72,1757
1/23/1993,356.66,1758
1/30/1993,357.03,1759
2/6/1993,356.62,1760
2/13/1993,357.23,1761
2/20/1993,357.36,1762
2/27/1993,357.68,1763
3/6/1993,358.39,1764
3/13/1993,358.52,1765
3/20/1993,358.13,1766
3/27/1993,358.85,1767
4/3/1993,359.17,1768
4/10/1993,358.87,1769
4/17/1993,359.42,1770
4/24/1993,360.03,1771
5/1/1993,359.62,1772
5/8/1993,359.78,1773
5/15/1993,360.7,1774
5/22/1993,360.62,1775
5/29/1993,360.35,1776
6/5/1993,359.79,1777
6/12/1993,359.92,1778
6/19/1993,359.34,1779
6/26/1993,359.15,1780
7/3/1993,357.91,1781
7/10/1993,358.02,1782
7/17/1993,358.1,1783
7/24/1993,356.69,1784
7/31/1993,356.52,1785
8/7/1993,355.88,1786
8/14/1993,355.95,1787
8/21/1993,354.9,1788
8/28/1993,354.72,1789
9/4/1993,354.3,1790
9/11/1993,353.23,1791
9/18/1993,353.81,1792
9/25/1993,353.86,1793
10/2/1993,353.8,1794
10/9/1993,353.87,1795
10/16/1993,354,1796
10/23/1993,354.45,1797
10/30/1993,354.38,1798
11/6/1993,354.78,1799
11/13/1993,355.16,1800
11/20/1993,355.65,1801
11/27/1993,356.03,1802
12/4/1993,356.27,1803
12/11/1993,356.52,1804
12/18/1993,356.99,1805
12/25/1993,357.5,1806
1/1/1994,358.14,1807
1/8/1994,358.12,1808
1/15/1994,358.43,1809
1/22/1994,358.33,1810
1/29/1994,358.78,1811
2/5/1994,358.49,1812
2/12/1994,358.61,1813
2/19/1994,359.02,1814
2/26/1994,359.64,1815
3/5/1994,358.77,1816
3/12/1994,359.86,1817
3/19/1994,360.49,1818
3/26/1994,360.83,1819
4/2/1994,360.68,1820
4/9/1994,361.01,1821
4/16/1994,361.07,1822
4/23/1994,361.34,1823
4/30/1994,362.25,1824
5/7/1994,361.63,1825
5/14/1994,361.42,1826
5/21/1994,361.78,1827
5/28/1994,361.91,1828
6/4/1994,361.04,1829
6/11/1994,361.07,1830
6/18/1994,360.93,1831
6/25/1994,360.7,1832
7/2/1994,360.22,1833
7/9/1994,359.9,1834
7/16/1994,359.43,1835
7/23/1994,359,1836
7/30/1994,358.81,1837
8/6/1994,358.1,1838
8/13/1994,357.52,1839
8/20/1994,357.63,1840
8/27/1994,356.39,1841
9/3/1994,356.44,1842
9/10/1994,356.46,1843
9/17/1994,355.46,1844
9/24/1994,355.5,1845
10/1/1994,355.46,1846
10/8/1994,355.81,1847
10/15/1994,356.09,1848
10/22/1994,356.39,1849
10/29/1994,356.61,1850
11/5/1994,356.97,1851
11/12/1994,357.4,1852
11/19/1994,357.93,1853
11/26/1994,358.11,1854
12/3/1994,358.43,1855
12/10/1994,359.13,1856
12/17/1994,359.25,1857
12/24/1994,359.15,1858
12/31/1994,359.52,1859
1/7/1995,359.68,1860
1/14/1995,360.28,1861
1/21/1995,360.12,1862
1/28/1995,360.04,1863
2/4/1995,360.67,1864
2/11/1995,361.09,1865
2/18/1995,360.88,1866
2/25/1995,361.36,1867
3/4/1995,362.2,1868
3/11/1995,361.24,1869
3/18/1995,360.99,1870
3/25/1995,362,1871
4/1/1995,363.8,1872
4/8/1995,363.44,1873
4/15/1995,363.34,1874
4/22/1995,362.89,1875
4/29/1995,363.58,1876
5/6/1995,363.24,1877
5/13/1995,364.11,1878
5/20/1995,364.18,1879
5/27/1995,363.47,1880
6/3/1995,363.92,1881
6/10/1995,363.47,1882
6/17/1995,362.96,1883
6/24/1995,362.81,1884
7/1/1995,362.53,1885
7/8/1995,362.27,1886
7/15/1995,361.97,1887
7/22/1995,361.58,1888
7/29/1995,360.98,1889
8/5/1995,360.45,1890
8/12/1995,359.21,1891
8/19/1995,358.72,1892
8/26/1995,359.29,1893
9/2/1995,357.37,1894
9/9/1995,358.5,1895
9/16/1995,358.58,1896
9/23/1995,358.2,1897
9/30/1995,357.56,1898
10/7/1995,357.65,1899
10/14/1995,357.6,1900
10/21/1995,358.04,1901
10/28/1995,358.23,1902
11/4/1995,359.19,1903
11/11/1995,359.43,1904
11/18/1995,359.69,1905
11/25/1995,359.87,1906
12/2/1995,360.13,1907
12/9/1995,360.43,1908
12/16/1995,360.53,1909
12/23/1995,360.89,1910
12/30/1995,361.73,1911
1/6/1996,361.81,1912
1/13/1996,362.06,1913
1/20/1996,362.17,1914
1/27/1996,362.23,1915
2/3/1996,362.68,1916
2/10/1996,363.12,1917
2/17/1996,363.01,1918
2/24/1996,364.03,1919
3/2/1996,363.84,1920
3/9/1996,363.66,1921
3/16/1996,364.1,1922
3/23/1996,364.53,1923
3/30/1996,364.35,1924
4/6/1996,364.57,1925
4/13/1996,364.89,1926
4/20/1996,364.4,1927
4/27/1996,365.13,1928
5/4/1996,364.92,1929
5/11/1996,365.37,1930
5/18/1996,365.74,1931
5/25/1996,365.43,1932
6/1/1996,364.86,1933
6/8/1996,365.19,1934
6/15/1996,365.27,1935
6/22/1996,365,1936
6/29/1996,364.3,1937
7/6/1996,364.19,1938
7/13/1996,363.75,1939
7/20/1996,363.38,1940
7/27/1996,362.84,1941
8/3/1996,361.78,1942
8/10/1996,362.1,1943
8/17/1996,361.29,1944
8/24/1996,360.85,1945
8/31/1996,360.82,1946
9/7/1996,359.86,1947
9/14/1996,359.82,1948
9/21/1996,359.09,1949
9/28/1996,359.04,1950
10/5/1996,359.45,1951
10/12/1996,359.52,1952
10/19/1996,359.86,1953
10/26/1996,359.87,1954
11/2/1996,359.94,1955
11/9/1996,360.52,1956
11/16/1996,360.79,1957
11/23/1996,361.24,1958
11/30/1996,361.4,1959
12/7/1996,361.97,1960
12/14/1996,362.68,1961
12/21/1996,362.47,1962
12/28/1996,362.62,1963
1/4/1997,362.95,1964
1/11/1997,363,1965
1/18/1997,363.16,1966
1/25/1997,363.51,1967
2/1/1997,363.28,1968
2/8/1997,364.19,1969
2/15/1997,364.02,1970
2/22/1997,364.24,1971
3/1/1997,364.5,1972
3/8/1997,364.16,1973
3/15/1997,364.19,1974
3/22/1997,364.75,1975
3/29/1997,365.43,1976
4/5/1997,365.8,1977
4/12/1997,366.25,1978
4/19/1997,366.69,1979
4/26/1997,366.79,1980
5/3/1997,366.76,1981
5/10/1997,366.8,1982
5/17/1997,367.03,1983
5/24/1997,366.61,1984
5/31/1997,366.36,1985
6/7/1997,365.71,1986
6/14/1997,365.61,1987
6/21/1997,365.53,1988
6/28/1997,365.16,1989
7/5/1997,365.09,1990
7/12/1997,364.67,1991
7/19/1997,364.11,1992
7/26/1997,363.8,1993
8/2/1997,363.39,1994
8/9/1997,363.36,1995
8/16/1997,362.63,1996
8/23/1997,361.51,1997
8/30/1997,361.66,1998
9/6/1997,360.69,1999
9/13/1997,360.26,2000
9/20/1997,360.08,2001
9/27/1997,359.81,2002
10/4/1997,360.54,2003
10/11/1997,360.49,2004
10/18/1997,361.07,2005
10/25/1997,361.13,2006
11/1/1997,361.71,2007
11/8/1997,362.19,2008
11/15/1997,362.06,2009
11/22/1997,362.65,2010
11/29/1997,363.51,2011
12/6/1997,363.97,2012
12/13/1997,363.95,2013
12/20/1997,364.27,2014
12/27/1997,365.09,2015
1/3/1998,365.24,2016
1/10/1998,365.3,2017
1/17/1998,365.35,2018
1/24/1998,365.38,2019
1/31/1998,365.69,2020
2/7/1998,366.06,2021
2/14/1998,365.52,2022
2/21/1998,366.08,2023
2/28/1998,367.36,2024
3/7/1998,367.02,2025
3/14/1998,366.66,2026
3/21/1998,367.49,2027
3/28/1998,368.57,2028
4/4/1998,368.69,2029
4/11/1998,368.68,2030
4/18/1998,368.05,2031
4/25/1998,368.9,2032
5/2/1998,369.17,2033
5/9/1998,368.83,2034
5/16/1998,368.51,2035
5/23/1998,369.66,2036
5/30/1998,369.7,2037
6/6/1998,369.41,2038
6/13/1998,368.88,2039
6/20/1998,368.54,2040
6/27/1998,368.36,2041
7/4/1998,368.05,2042
7/11/1998,367.54,2043
7/18/1998,367.67,2044
7/25/1998,367.36,2045
8/1/1998,366.88,2046
8/8/1998,366.46,2047
8/15/1998,365.64,2048
8/22/1998,365.63,2049
8/29/1998,364.25,2050
9/5/1998,364.74,2051
9/12/1998,363.96,2052
9/19/1998,363.5,2053
9/26/1998,363.6,2054
10/3/1998,364.01,2055
10/10/1998,364.17,2056
10/17/1998,364.46,2057
10/24/1998,364.49,2058
10/31/1998,364.7,2059
11/7/1998,365.05,2060
11/14/1998,365.48,2061
11/21/1998,365.8,2062
11/28/1998,366,2063
12/5/1998,366.46,2064
12/12/1998,366.74,2065
12/19/1998,367.3,2066
12/26/1998,367.38,2067
1/2/1999,367.58,2068
1/9/1999,367.87,2069
1/16/1999,367.8,2070
1/23/1999,368.33,2071
1/30/1999,369.25,2072
2/6/1999,369.19,2073
2/13/1999,368.9,2074
2/20/1999,369.05,2075
2/27/1999,368.52,2076
3/6/1999,368.13,2077
3/13/1999,369.58,2078
3/20/1999,370.27,2079
3/27/1999,370.65,2080
4/3/1999,371.11,2081
4/10/1999,371.59,2082
4/17/1999,371.07,2083
4/24/1999,370.32,2084
5/1/1999,370.82,2085
5/8/1999,371.33,2086
5/15/1999,371.09,2087
5/22/1999,370.89,2088
5/29/1999,370.41,2089
6/5/1999,370.98,2090
6/12/1999,370.33,2091
6/19/1999,369.97,2092
6/26/1999,369.97,2093
7/3/1999,369.49,2094
7/10/1999,370.15,2095
7/17/1999,369.54,2096
7/24/1999,368.66,2097
7/31/1999,367.48,2098
8/7/1999,367.65,2099
8/14/1999,366.77,2100
8/21/1999,366.44,2101
8/28/1999,366.16,2102
9/4/1999,364.22,2103
9/11/1999,364.75,2104
9/18/1999,365.25,2105
9/25/1999,364.74,2106
10/2/1999,364.62,2107
10/9/1999,365.11,2108
10/16/1999,364.94,2109
10/23/1999,365.7,2110
10/30/1999,365.81,2111
11/6/1999,366.24,2112
11/13/1999,366.75,2113
11/20/1999,366.74,2114
11/27/1999,367.2,2115
12/4/1999,367.47,2116
12/11/1999,368.1,2117
12/18/1999,368.05,2118
12/25/1999,368.27,2119
1/1/2000,368.74,2120
1/8/2000,368.63,2121
1/15/2000,369.12,2122
1/22/2000,369.93,2123
1/29/2000,369.35,2124
2/5/2000,369.18,2125
2/12/2000,369.66,2126
2/19/2000,369.45,2127
2/26/2000,369.61,2128
3/4/2000,370.11,2129
3/11/2000,370.09,2130
3/18/2000,370.98,2131
3/25/2000,370.86,2132
4/1/2000,371.04,2133
4/8/2000,371.81,2134
4/15/2000,371.91,2135
4/22/2000,372.1,2136
4/29/2000,371.37,2137
5/6/2000,371.36,2138
5/13/2000,371.83,2139
5/20/2000,372.01,2140
5/27/2000,371.91,2141
6/3/2000,371.98,2142
6/10/2000,371.71,2143
6/17/2000,371.82,2144
6/24/2000,371.41,2145
7/1/2000,370.96,2146
7/8/2000,370.17,2147
7/15/2000,370.29,2148
7/22/2000,369.85,2149
7/29/2000,369.1,2150
8/5/2000,368.86,2151
8/12/2000,368.46,2152
8/19/2000,367.78,2153
8/26/2000,367.25,2154
9/2/2000,367.28,2155
9/9/2000,366.84,2156
9/16/2000,366.35,2157
9/23/2000,366.34,2158
9/30/2000,366.54,2159
10/7/2000,366.42,2160
10/14/2000,366.75,2161
10/21/2000,366.79,2162
10/28/2000,367.46,2163
11/4/2000,367.78,2164
11/11/2000,368.1,2165
11/18/2000,368.76,2166
11/25/2000,368.42,2167
12/2/2000,369.1,2168
12/9/2000,369.74,2169
12/16/2000,369.41,2170
12/23/2000,369.64,2171
12/30/2000,369.91,2172
1/6/2001,369.95,2173
1/13/2001,370.35,2174
1/20/2001,370.1,2175
1/27/2001,370.91,2176
2/3/2001,371.45,2177
2/10/2001,371.29,2178
2/17/2001,371.82,2179
2/24/2001,371.33,2180
3/3/2001,372.34,2181
3/10/2001,372.32,2182
3/17/2001,372.23,2183
3/24/2001,371.97,2184
3/31/2001,372.18,2185
4/7/2001,372.82,2186
4/14/2001,372.84,2187
4/21/2001,373.17,2188
4/28/2001,372.91,2189
5/5/2001,373.83,2190
5/12/2001,374.08,2191
5/19/2001,373.85,2192
5/26/2001,374.05,2193
6/2/2001,374,2194
6/9/2001,373.27,2195
6/16/2001,372.98,2196
6/23/2001,373.04,2197
6/30/2001,372.9,2198
7/7/2001,372.29,2199
7/14/2001,371.51,2200
7/21/2001,371.36,2201
7/28/2001,370.76,2202
8/4/2001,370.07,2203
8/11/2001,369.7,2204
8/18/2001,369.43,2205
8/25/2001,369.15,2206
9/1/2001,368.61,2207
9/8/2001,368.34,2208
9/15/2001,368.18,2209
9/22/2001,367.61,2210
9/29/2001,367.56,2211
10/6/2001,367.93,2212
10/13/2001,367.73,2213
10/20/2001,368.23,2214
10/27/2001,368.92,2215
11/3/2001,368.87,2216
11/10/2001,369.03,2217
11/17/2001,369.84,2218
11/24/2001,370.44,2219
12/1/2001,370.51,2220
12/8/2001,371.03,2221
12/15/2001,371.34,2222
12/22/2001,371.51,2223
12/29/2001,371.67,2224
1/5/2002,371.94,2225
1/12/2002,372.26,2226
1/19/2002,373.04,2227
1/26/2002,372.46,2228
2/2/2002,372.85,2229
2/9/2002,372.93,2230
2/16/2002,372.84,2231
2/23/2002,373.4,2232
3/2/2002,373.29,2233
3/9/2002,373.47,2234
3/16/2002,373.37,2235
3/23/2002,373.51,2236
3/30/2002,374.29,2237
4/6/2002,374.5,2238
4/13/2002,374.55,2239
4/20/2002,375.06,2240
4/27/2002,375.47,2241
5/4/2002,375.78,2242
5/11/2002,374.95,2243
5/18/2002,375.24,2244
5/25/2002,375.92,2245
6/1/2002,375.78,2246
6/8/2002,375.66,2247
6/15/2002,375.12,2248
6/22/2002,375.5,2249
6/29/2002,374.47,2250
7/6/2002,374.62,2251
7/13/2002,374.13,2252
7/20/2002,373.68,2253
7/27/2002,373.16,2254
8/3/2002,372.93,2255
8/10/2002,371.73,2256
8/17/2002,371.03,2257
8/24/2002,370.87,2258
8/31/2002,370.12,2259
9/7/2002,371.39,2260
9/14/2002,371.16,2261
9/21/2002,370.45,2262
9/28/2002,369.97,2263
10/5/2002,369.68,2264
10/12/2002,370.04,2265
10/19/2002,371.06,2266
10/26/2002,370.44,2267
11/2/2002,371.67,2268
11/9/2002,371.55,2269
11/16/2002,372.08,2270
11/23/2002,372.69,2271
11/30/2002,372.65,2272
12/7/2002,373.32,2273
12/14/2002,373.44,2274
12/21/2002,374.16,2275
12/28/2002,374.6,2276
1/4/2003,374.49,2277
1/11/2003,374.46,2278
1/18/2003,374.82,2279
1/25/2003,374.89,2280
2/1/2003,375.23,2281
2/8/2003,374.81,2282
2/15/2003,375.7,2283
2/22/2003,376.36,2284
3/1/2003,375.82,2285
3/8/2003,375.89,2286
3/15/2003,375.76,2287
3/22/2003,376.44,2288
3/29/2003,376.82,2289
4/5/2003,376.81,2290
4/12/2003,377.3,2291
4/19/2003,378.11,2292
4/26/2003,378.46,2293
5/3/2003,378.11,2294
5/10/2003,377.49,2295
5/17/2003,378.79,2296
5/24/2003,378.71,2297
5/31/2003,378.29,2298
6/7/2003,378.39,2299
6/21/2003,377.34,2300
6/28/2003,377.85,2301
7/5/2003,376.43,2302
7/12/2003,377.05,2303
7/19/2003,376.7,2304
7/26/2003,375.98,2305
8/2/2003,375.48,2306
8/9/2003,374.67,2307
8/16/2003,374.06,2308
8/23/2003,374.47,2309
8/30/2003,373.48,2310
9/6/2003,373.09,2311
9/13/2003,372.76,2312
9/20/2003,373.08,2313
9/27/2003,373.03,2314
10/4/2003,372.87,2315
10/25/2003,373.33,2316
11/1/2003,373.5,2317
11/8/2003,373.76,2318
11/15/2003,374.45,2319
11/22/2003,375.21,2320
11/29/2003,374.72,2321
12/6/2003,374.47,2322
12/13/2003,376.15,2323
12/20/2003,376.05,2324
12/27/2003,376.43,2325
1/3/2004,376.17,2326
1/10/2004,376.17,2327
1/17/2004,377.01,2328
1/24/2004,377.29,2329
1/31/2004,377.49,2330
2/7/2004,377.47,2331
2/14/2004,377,2332
2/21/2004,377.35,2333
2/28/2004,377.67,2334
3/6/2004,378.05,2335
3/13/2004,379.4,2336
3/20/2004,378.47,2337
3/27/2004,378.5,2338
4/3/2004,380.09,2339
4/10/2004,380.41,2340
4/17/2004,380.56,2341
4/24/2004,380.71,2342
5/1/2004,380.28,2343
5/8/2004,381.04,2344
5/15/2004,380.51,2345
5/22/2004,380.33,2346
5/29/2004,380.66,2347
6/5/2004,379.62,2348
6/12/2004,380,2349
6/19/2004,379.3,2350
6/26/2004,379.07,2351
7/3/2004,378.44,2352
7/10/2004,378.04,2353
7/17/2004,377.33,2354
7/24/2004,376.99,2355
7/31/2004,377.35,2356
8/7/2004,376.56,2357
8/14/2004,375.84,2358
8/21/2004,375.7,2359
8/28/2004,374.62,2360
9/4/2004,373.82,2361
9/11/2004,374.57,2362
9/18/2004,374.14,2363
9/25/2004,373.8,2364
10/2/2004,374.01,2365
10/9/2004,373.95,2366
10/16/2004,374.05,2367
10/23/2004,374.58,2368
10/30/2004,375.02,2369
11/6/2004,375.06,2370
11/13/2004,376.13,2371
11/20/2004,376.46,2372
11/27/2004,376.13,2373
12/4/2004,377.09,2374
12/11/2004,377.37,2375
12/18/2004,377.5,2376
12/25/2004,377.68,2377
1/1/2005,378.06,2378
1/8/2005,378.21,2379
1/15/2005,378.36,2380
1/22/2005,378.34,2381
1/29/2005,378.66,2382
2/5/2005,379.02,2383
2/12/2005,379.31,2384
2/19/2005,380.25,2385
3/26/2005,380.57,2386
4/2/2005,382.07,2387
4/9/2005,382.25,2388
4/16/2005,381.35,2389
4/23/2005,382.08,2390
4/30/2005,382.38,2391
5/7/2005,381.51,2392
5/14/2005,382.53,2393
5/21/2005,382.14,2394
5/28/2005,382.58,2395
6/4/2005,382.36,2396
6/11/2005,382.31,2397
6/18/2005,382.12,2398
6/25/2005,381.48,2399
7/2/2005,381.15,2400
7/9/2005,380.9,2401
7/16/2005,380.63,2402
7/23/2005,380.36,2403
7/30/2005,379.86,2404
8/6/2005,379.21,2405
8/13/2005,378.97,2406
8/20/2005,378.4,2407
8/27/2005,377.69,2408
9/3/2005,377.82,2409
9/10/2005,376.33,2410
9/17/2005,376.14,2411
9/24/2005,375.95,2412
10/1/2005,376.33,2413
10/8/2005,376.44,2414
10/15/2005,377.12,2415
10/22/2005,377.31,2416
10/29/2005,377.24,2417
11/5/2005,377.76,2418
11/12/2005,378.07,2419
11/19/2005,378.75,2420
11/26/2005,378.77,2421
12/3/2005,379.41,2422
12/10/2005,380.09,2423
12/17/2005,380.09,2424
12/24/2005,380.14,2425
12/31/2005,380.43,2426
1/7/2006,381.28,2427
1/14/2006,381.41,2428
1/21/2006,381.57,2429
1/28/2006,381.47,2430
2/4/2006,382.04,2431
2/25/2006,381.86,2432
3/4/2006,382.39,2433
3/11/2006,382.55,2434
3/18/2006,382.74,2435
3/25/2006,382.55,2436
4/1/2006,382.97,2437
4/8/2006,384.65,2438
4/15/2006,384.67,2439
4/22/2006,384.71,2440
4/29/2006,384.62,2441
5/6/2006,384.91,2442
5/13/2006,384.87,2443
5/20/2006,385.34,2444
5/27/2006,384.3,2445
6/3/2006,384.29,2446
6/10/2006,384.31,2447
6/17/2006,384.07,2448
6/24/2006,383.55,2449
7/1/2006,383,2450
7/8/2006,382.78,2451
7/15/2006,381.28,2452
7/22/2006,381.81,2453
7/29/2006,381.55,2454
8/5/2006,381.22,2455
8/12/2006,380.63,2456
8/19/2006,380.2,2457
8/26/2006,379.77,2458
9/2/2006,379.52,2459
9/9/2006,378.66,2460
9/16/2006,378.8,2461
9/23/2006,378.49,2462
9/30/2006,379,2463
10/7/2006,378.78,2464
10/14/2006,379.14,2465
10/21/2006,379.22,2466
10/28/2006,379.57,2467
11/4/2006,379.67,2468
11/11/2006,379.81,2469
11/18/2006,379.98,2470
11/25/2006,381.42,2471
12/2/2006,381.31,2472
12/9/2006,381.6,2473
12/16/2006,381.81,2474
12/23/2006,381.96,2475
12/30/2006,381.76,2476
1/6/2007,382.64,2477
1/13/2007,382.36,2478
1/20/2007,381.84,2479
2/3/2007,383.09,2480
2/10/2007,383.6,2481
2/17/2007,384.22,2482
2/24/2007,383.76,2483
3/3/2007,383.71,2484
3/10/2007,383.64,2485
3/17/2007,384.28,2486
3/24/2007,384.96,2487
3/31/2007,385.93,2488
4/7/2007,385.46,2489
4/14/2007,386.3,2490
4/21/2007,387,2491
4/28/2007,386.42,2492
5/5/2007,385.85,2493
5/12/2007,386.54,2494
5/19/2007,386.03,2495
5/26/2007,386.93,2496
6/2/2007,386.6,2497
6/9/2007,386.23,2498
6/16/2007,386.29,2499
6/23/2007,384.95,2500
6/30/2007,384.85,2501
7/7/2007,384.92,2502
7/14/2007,384.75,2503
7/21/2007,383.97,2504
7/28/2007,383.41,2505
8/4/2007,382.51,2506
8/11/2007,381.72,2507
8/18/2007,381.6,2508
8/25/2007,381.67,2509
9/1/2007,381.69,2510
9/8/2007,380.74,2511
9/15/2007,380.75,2512
9/22/2007,380.94,2513
9/29/2007,380.8,2514
10/6/2007,380.68,2515
10/13/2007,380.68,2516
10/20/2007,381.1,2517
10/27/2007,381.36,2518
11/3/2007,381.76,2519
11/10/2007,381.92,2520
11/17/2007,382.43,2521
11/24/2007,382.91,2522
12/1/2007,382.9,2523
12/8/2007,383.31,2524
12/15/2007,383.79,2525
12/22/2007,383.9,2526
12/29/2007,384.04,2527
1/5/2008,384.36,2528
1/12/2008,384.41,2529
1/19/2008,385.47,2530
1/26/2008,386.06,2531
2/2/2008,386.19,2532
2/9/2008,385.72,2533
2/16/2008,385.58,2534
2/23/2008,385.24,2535
3/1/2008,384.88,2536
3/8/2008,385.88,2537
3/15/2008,385.64,2538
3/22/2008,386.17,2539
3/29/2008,386.7,2540
4/5/2008,388,2541
4/12/2008,385.9,2542
4/19/2008,386.38,2543
4/26/2008,387.19,2544
5/3/2008,386.94,2545
5/10/2008,388.9,2546
5/17/2008,388.84,2547
5/24/2008,388.53,2548
5/31/2008,388.48,2549
6/7/2008,388.16,2550
6/14/2008,387.79,2551
6/21/2008,387.54,2552
6/28/2008,388.11,2553
7/5/2008,387.08,2554
7/12/2008,386.11,2555
7/19/2008,385.73,2556
7/26/2008,385.96,2557
8/2/2008,384.91,2558
8/9/2008,384.68,2559
8/16/2008,383.89,2560
8/23/2008,383.55,2561
8/30/2008,383.16,2562
9/6/2008,383.18,2563
9/13/2008,383.37,2564
9/20/2008,382.98,2565
9/27/2008,382.92,2566
10/4/2008,382.66,2567
10/11/2008,382.72,2568
10/18/2008,382.96,2569
10/25/2008,382.94,2570
11/1/2008,383.61,2571
11/8/2008,383.6,2572
11/15/2008,384.03,2573
11/22/2008,384.32,2574
11/29/2008,384.46,2575
12/6/2008,384.77,2576
12/13/2008,384.89,2577
12/20/2008,385.15,2578
12/27/2008,385.8,2579
1/3/2009,386.01,2580
1/10/2009,386.53,2581
1/17/2009,386.64,2582
1/24/2009,387.05,2583
1/31/2009,387.26,2584
2/7/2009,386.51,2585
2/14/2009,387.44,2586
2/21/2009,387.4,2587
2/28/2009,387.48,2588
3/7/2009,388.54,2589
3/14/2009,388.64,2590
3/21/2009,388.44,2591
3/28/2009,389.17,2592
4/4/2009,389.39,2593
4/11/2009,389.74,2594
4/18/2009,388.67,2595
4/25/2009,390.37,2596
5/2/2009,390.16,2597
5/9/2009,389.87,2598
5/16/2009,390.3,2599
5/23/2009,390.76,2600
5/30/2009,389.35,2601
6/6/2009,390.46,2602
6/13/2009,390.01,2603
6/20/2009,388.88,2604
6/27/2009,388.72,2605
7/4/2009,388.3,2606
7/11/2009,388.68,2607
7/18/2009,388.03,2608
7/25/2009,387.48,2609
8/1/2009,387.16,2610
8/8/2009,386.67,2611
8/15/2009,385.27,2612
8/22/2009,386.05,2613
8/29/2009,385.65,2614
9/5/2009,385.3,2615
9/12/2009,384.48,2616
9/19/2009,384.61,2617
9/26/2009,384.51,2618
10/3/2009,383.43,2619
10/10/2009,384.28,2620
10/17/2009,384.55,2621
10/24/2009,384.79,2622
10/31/2009,385.18,2623
11/7/2009,385.6,2624
11/14/2009,386.09,2625
11/21/2009,386.31,2626
11/28/2009,386.73,2627
12/5/2009,386.91,2628
12/12/2009,386.81,2629
12/19/2009,388.04,2630
12/26/2009,388.19,2631
1/2/2010,388.41,2632
1/9/2010,388.17,2633
1/16/2010,388.69,2634
1/23/2010,388.59,2635
1/30/2010,389.04,2636
2/6/2010,390.91,2637
2/13/2010,389.78,2638
2/20/2010,390.84,2639
2/27/2010,389.38,2640
3/6/2010,391.07,2641
3/13/2010,391.37,2642
3/20/2010,391.55,2643
3/27/2010,390.08,2644
4/3/2010,391.15,2645
4/10/2010,391.6,2646
4/17/2010,393.27,2647
4/24/2010,393.27,2648
5/1/2010,392.99,2649
5/8/2010,392.97,2650
5/15/2010,393.13,2651
5/22/2010,393.55,2652
5/29/2010,393.02,2653
6/5/2010,393.08,2654
6/12/2010,392.35,2655
6/19/2010,391.73,2656
6/26/2010,391.46,2657
7/3/2010,391.01,2658
7/10/2010,390.2,2659
7/17/2010,389.91,2660
7/24/2010,390.12,2661
7/31/2010,389.49,2662
8/7/2010,389.06,2663
8/14/2010,388.76,2664
8/21/2010,388.12,2665
8/28/2010,387.42,2666
9/4/2010,386.91,2667
9/11/2010,386.85,2668
9/18/2010,386.97,2669
9/25/2010,386.87,2670
10/2/2010,386.75,2671
10/9/2010,386.98,2672
10/16/2010,387.03,2673
10/23/2010,387.8,2674
10/30/2010,387.78,2675
11/6/2010,387.95,2676
11/13/2010,388.27,2677
11/20/2010,389.11,2678
11/27/2010,389.59,2679
12/4/2010,389.88,2680
12/11/2010,389.75,2681
12/18/2010,389.58,2682
12/25/2010,389.96,2683
1/1/2011,390.5,2684
1/8/2011,391.61,2685
1/15/2011,391.06,2686
1/22/2011,391.25,2687
1/29/2011,392,2688
2/5/2011,391.89,2689
2/12/2011,391.52,2690
2/19/2011,391.82,2691
2/26/2011,392.5,2692
3/5/2011,391.59,2693
3/12/2011,391.94,2694
3/19/2011,392.43,2695
3/26/2011,394.11,2696
4/2/2011,393.4,2697
4/9/2011,392.71,2698
4/16/2011,393.73,2699
4/23/2011,393.22,2700
4/30/2011,393.59,2701
5/7/2011,393.36,2702
5/14/2011,393.84,2703
5/21/2011,395.12,2704
5/28/2011,394.49,2705
6/4/2011,394.08,2706
6/11/2011,393.42,2707
6/18/2011,393.92,2708
6/25/2011,393.37,2709
7/2/2011,393.31,2710
7/9/2011,393.61,2711
7/16/2011,392.64,2712
7/23/2011,391.13,2713
7/30/2011,391.77,2714
8/6/2011,390.76,2715
8/13/2011,390.53,2716
8/20/2011,389.82,2717
8/27/2011,389.41,2718
9/3/2011,389.23,2719
9/10/2011,389.17,2720
9/17/2011,389.15,2721
9/24/2011,388.86,2722
10/1/2011,388.91,2723
10/8/2011,388.74,2724
10/15/2011,388.91,2725
10/22/2011,389.09,2726
10/29/2011,389.45,2727
11/5/2011,389.64,2728
11/12/2011,390.24,2729
11/19/2011,390.44,2730
11/26/2011,390.77,2731
12/3/2011,391.08,2732
12/10/2011,391.7,2733
12/17/2011,392.24,2734
12/24/2011,392.09,2735
12/31/2011,392.26,2736
1/7/2012,392.92,2737
1/14/2012,393.61,2738
1/21/2012,393.04,2739
1/28/2012,393.03,2740
2/4/2012,392.43,2741
2/11/2012,393.45,2742
2/18/2012,393.97,2743
2/25/2012,393.62,2744
3/3/2012,394.17,2745
3/10/2012,393.38,2746
3/17/2012,394.79,2747
3/24/2012,395.15,2748
3/31/2012,394.91,2749
4/7/2012,396.45,2750
4/14/2012,396.38,2751
4/21/2012,396.56,2752
4/28/2012,396.7,2753
5/5/2012,397.08,2754
5/12/2012,397.28,2755
5/19/2012,396.56,2756
5/26/2012,396.28,2757
6/2/2012,396.03,2758
6/9/2012,396.02,2759
6/16/2012,395.86,2760
6/23/2012,395.73,2761
6/30/2012,395.41,2762
7/7/2012,394.86,2763
7/14/2012,394.59,2764
7/21/2012,394.35,2765
7/28/2012,393.6,2766
8/4/2012,393.39,2767
8/11/2012,392.93,2768
8/18/2012,392.31,2769
8/25/2012,391.7,2770
9/1/2012,391.98,2771
9/8/2012,391,2772
9/15/2012,391.03,2773
9/22/2012,391.02,2774
9/29/2012,390.99,2775
10/20/2012,391.29,2776
10/27/2012,391.46,2777
11/3/2012,391.76,2778
11/10/2012,392.77,2779
11/17/2012,393.42,2780
11/24/2012,393.36,2781
12/1/2012,393.61,2782
12/8/2012,394.05,2783
12/15/2012,394.46,2784
12/22/2012,394.83,2785
12/29/2012,394.62,2786
1/5/2013,394.99,2787
1/12/2013,395.57,2788
1/19/2013,396.21,2789
1/26/2013,395.64,2790
2/2/2013,396.39,2791
2/9/2013,396.46,2792
2/16/2013,397.31,2793
2/23/2013,396.88,2794
3/2/2013,397.13,2795
3/9/2013,396.64,2796
3/16/2013,397.25,2797
3/23/2013,397.21,2798
3/30/2013,398.39,2799
4/6/2013,398.05,2800
4/13/2013,397.43,2801
4/20/2013,398.76,2802
4/27/2013,399.33,2803
5/4/2013,399.64,2804
5/11/2013,399.78,2805
5/18/2013,400.04,2806
5/25/2013,400.22,2807
6/1/2013,399.43,2808
6/8/2013,398.91,2809
6/15/2013,398.58,2810
6/22/2013,398.5,2811
6/29/2013,398.65,2812
7/6/2013,397.56,2813
7/13/2013,397.48,2814
7/20/2013,396.83,2815
7/27/2013,396.98,2816
8/3/2013,396.61,2817
8/10/2013,395.55,2818
8/17/2013,395.24,2819
8/24/2013,394.73,2820
8/31/2013,394.33,2821
9/7/2013,393.52,2822
9/14/2013,393.25,2823
9/21/2013,393.53,2824
9/28/2013,393.22,2825
10/5/2013,393.47,2826
10/12/2013,393.52,2827
10/19/2013,393.93,2828
10/26/2013,394.13,2829
11/2/2013,394.39,2830
11/9/2013,395.25,2831
11/16/2013,394.85,2832
11/23/2013,395.66,2833
11/30/2013,396.06,2834
12/7/2013,396.27,2835
12/14/2013,396.52,2836
12/21/2013,397.3,2837
12/28/2013,397.59,2838
1/4/2014,397.9,2839
1/11/2014,397.82,2840
1/18/2014,398.13,2841
1/25/2014,397.75,2842
2/1/2014,398.02,2843
2/8/2014,397.98,2844
2/15/2014,397.79,2845
2/22/2014,398.24,2846
3/1/2014,397.92,2847
3/8/2014,398.88,2848
3/15/2014,400.68,2849
3/22/2014,399.62,2850
3/29/2014,400.34,2851
4/5/2014,401.32,2852
4/12/2014,401.22,2853
4/19/2014,401.29,2854
4/26/2014,401.42,2855
5/3/2014,401.74,2856
5/10/2014,401.51,2857
5/17/2014,402.18,2858
5/24/2014,401.44,2859
5/31/2014,402.12,2860
6/7/2014,401.55,2861
6/14/2014,401.31,2862
6/21/2014,401.21,2863
6/28/2014,400.57,2864
7/5/2014,400.06,2865
7/12/2014,399.58,2866
7/19/2014,398.54,2867
7/26/2014,397.86,2868
8/2/2014,397.86,2869
8/9/2014,397.45,2870
8/16/2014,397.23,2871
8/23/2014,396.75,2872
8/30/2014,396.37,2873
9/6/2014,396.35,2874
9/13/2014,394.8,2875
9/20/2014,395.32,2876
9/27/2014,395.55,2877
10/4/2014,395.57,2878
10/11/2014,395.49,2879
10/18/2014,395.72,2880
10/25/2014,395.91,2881
11/1/2014,396.52,2882
11/8/2014,396.9,2883
11/15/2014,397.34,2884
11/22/2014,397.24,2885
11/29/2014,398.1,2886
12/6/2014,398.26,2887
12/13/2014,398.92,2888
12/20/2014,399.09,2889
12/27/2014,399.01,2890
1/3/2015,399.92,2891
1/10/2015,399.86,2892
1/17/2015,399.72,2893
1/24/2015,399.98,2894
1/31/2015,400.2,2895
2/7/2015,400.02,2896
2/14/2015,400.15,2897
2/21/2015,400.36,2898
2/28/2015,401.03,2899
3/7/2015,401.63,2900
3/14/2015,401.8,2901
3/21/2015,400.79,2902
3/28/2015,402.5,2903
4/4/2015,402.74,2904
4/11/2015,403.88,2905
4/18/2015,403.8,2906
4/25/2015,403.22,2907
5/2/2015,404.07,2908
5/9/2015,404.09,2909
5/16/2015,404.31,2910
5/23/2015,403.85,2911
5/30/2015,403.81,2912
6/6/2015,403.45,2913
6/13/2015,402.72,2914
6/20/2015,402.63,2915
6/27/2015,402.36,2916
7/4/2015,402.25,2917
7/11/2015,401.71,2918
7/18/2015,401.02,2919
7/25/2015,401.3,2920
8/1/2015,398.74,2921
8/8/2015,399.21,2922
8/15/2015,399.12,2923
8/22/2015,399.03,2924
8/29/2015,398.8,2925
9/5/2015,398.16,2926
9/12/2015,397.1,2927
9/19/2015,397.57,2928
9/26/2015,397.42,2929
10/3/2015,397.74,2930
10/10/2015,398.51,2931
10/17/2015,398.61,2932
10/24/2015,398.43,2933
10/31/2015,398.87,2934
11/7/2015,399.53,2935
11/14/2015,400.75,2936
11/21/2015,400.42,2937
11/28/2015,400.83,2938
12/5/2015,400.91,2939
12/12/2015,402.4,2940
12/19/2015,402.32,2941
12/26/2015,402.01,2942
1/2/2016,402.25,2943
1/9/2016,402.23,2944
1/16/2016,402.68,2945
1/23/2016,403.26,2946
1/30/2016,402.79,2947
2/6/2016,404.98,2948
2/13/2016,403.22,2949
2/20/2016,404.59,2950
2/27/2016,403.98,2951
3/5/2016,403.99,2952
3/12/2016,404.51,2953
3/19/2016,405.01,2954
3/26/2016,406.16,2955
4/2/2016,405.7,2956
4/9/2016,408.56,2957
4/16/2016,408.16,2958
4/23/2016,407.7,2959
4/30/2016,407.84,2960
5/7/2016,407.51,2961
5/14/2016,407.54,2962
5/21/2016,407.41,2963
5/28/2016,407.92,2964
6/4/2016,407.52,2965
6/11/2016,406.99,2966
6/18/2016,407.02,2967
6/25/2016,406.4,2968
7/2/2016,405.96,2969
7/9/2016,404.93,2970
7/16/2016,403.64,2971
7/23/2016,403.71,2972
7/30/2016,403.76,2973
8/6/2016,403.22,2974
8/13/2016,402.11,2975
8/20/2016,401.78,2976
8/27/2016,401.43,2977
9/3/2016,401.27,2978
9/10/2016,401.13,2979
9/17/2016,401.25,2980
9/24/2016,400.85,2981
10/1/2016,400.82,2982
10/8/2016,401.2,2983
10/15/2016,401.7,2984
10/22/2016,401.82,2985
10/29/2016,402.38,2986
11/5/2016,403.15,2987
11/12/2016,403.12,2988
11/19/2016,403.95,2989
11/26/2016,404.44,2990
12/3/2016,404.16,2991
12/10/2016,404.28,2992
12/17/2016,404.63,2993
12/24/2016,404.66,2994
12/31/2016,405.38,2995
1/7/2017,405.94,2996
1/14/2017,405.91,2997
1/21/2017,406.37,2998
1/28/2017,406.35,2999
2/4/2017,406.2,3000
2/11/2017,406.02,3001
2/18/2017,406.17,3002
2/25/2017,408.07,3003
3/4/2017,407.06,3004
3/11/2017,406.53,3005
3/18/2017,406.73,3006
3/25/2017,407.89,3007
4/1/2017,408.66,3008
4/8/2017,407.19,3009
4/15/2017,409.12,3010
4/22/2017,409.89,3011
4/29/2017,409.04,3012
5/6/2017,409.54,3013
5/13/2017,409.83,3014
5/20/2017,410.18,3015
5/27/2017,409.88,3016
6/3/2017,409.67,3017
6/10/2017,409.62,3018
6/17/2017,408.82,3019
6/24/2017,408.43,3020
7/1/2017,407.77,3021
7/8/2017,407.68,3022
7/15/2017,407.11,3023
7/22/2017,406.76,3024
7/29/2017,406.5,3025
8/5/2017,405.93,3026
8/12/2017,405.55,3027
8/19/2017,404.81,3028
8/26/2017,404.54,3029
9/2/2017,404.1,3030
9/9/2017,403.39,3031
9/16/2017,403.44,3032
9/23/2017,402.95,3033
9/30/2017,402.73,3034
10/7/2017,403.19,3035
10/14/2017,403.6,3036
10/21/2017,404.05,3037
10/28/2017,404.25,3038
11/4/2017,404.28,3039
11/11/2017,404.51,3040
11/18/2017,405.53,3041
11/25/2017,406.36,3042
12/2/2017,406.85,3043
12/9/2017,406.16,3044
12/16/2017,406.5,3045
12/23/2017,407.07,3046
12/30/2017,407.24,3047
1/6/2018,407.96,3048
1/13/2018,408.08,3049
1/20/2018,408.26,3050
1/27/2018,408.05,3051
2/3/2018,407.63,3052
2/10/2018,408.41,3053
2/17/2018,408.46,3054
2/24/2018,408.69,3055
3/3/2018,408.77,3056
3/10/2018,409.64,3057
3/17/2018,408.69,3058
3/24/2018,409.77,3059
3/31/2018,409.63,3060
4/7/2018,409.41,3061
4/14/2018,410.1,3062
4/21/2018,411.36,3063
4/28/2018,410.58,3064
5/5/2018,409.75,3065
5/12/2018,411.62,3066
5/19/2018,411.43,3067
5/26/2018,411.81,3068
6/2/2018,411.15,3069
6/9/2018,411.24,3070
6/16/2018,410.56,3071
6/23/2018,410.81,3072
6/30/2018,410.19,3073
7/7/2018,409.29,3074
7/14/2018,409.07,3075
7/21/2018,408.49,3076
7/28/2018,408.08,3077
8/4/2018,407.36,3078
8/11/2018,407.28,3079
8/18/2018,407.07,3080
8/25/2018,406.63,3081
9/1/2018,405.98,3082
9/8/2018,405.61,3083
9/15/2018,405.6,3084
9/22/2018,405.69,3085
9/29/2018,405.56,3086
10/6/2018,405.56,3087
10/13/2018,405.91,3088
10/20/2018,406.42,3089
10/27/2018,406.51,3090
